Threshold,Sample Efficiency,Percent Change
0.0,7.245051880970883e-05,0.0
0.15,7.245051880970883e-05,0.0
0.3,7.245051880970883e-05,0.0
0.44999999999999996,7.245769810688557e-05,0.009909241913919621
0.6,7.225256621632533e-05,-0.27322453535967267
0.75,7.173410765580117e-05,-0.9888281901601148
0.8999999999999999,7.18912254501884e-05,-0.7719659827273395
1.05,7.07179671580966e-05,-2.3913585162347406
1.2,4.341534008683068e-05,-40.07587412747036
1.3499999999999999,0.0,-100.0
1.5,0.0,-100.0
