Threshold,Sample Efficiency,Percent Change
0.0,7.245051880970883e-05,0.0
0.15,7.245051880970883e-05,0.0
0.3,7.272981572782265e-05,0.3855002320237286
0.44999999999999996,7.19953508740522e-05,-0.6282466200858066
0.6,7.191544698417685e-05,-0.7385341531333199
0.75,7.049417857840165e-05,-2.700243232826948
0.8999999999999999,6.674806674806674e-05,-7.870822949687316
1.05,5.988023952095808e-05,-17.350157728706627
1.2,0.0,-100.0
1.3499999999999999,0.0,-100.0
1.5,0.0,-100.0
