Threshold,Sample Efficiency,Percent Change
0.0,7.245051880970883e-05,0.0
0.15,7.245051880970883e-05,0.0
0.3,7.253605825260822e-05,0.11806601844226927
0.44999999999999996,7.18143988489851e-05,-0.8780060808046031
0.6,7.01488182083455e-05,-3.176927700695622
0.75,6.836397925506836e-05,-5.640455888761486
0.8999999999999999,5.616907844630617e-05,-22.47249658234448
1.05,2.4958402662229617e-05,-65.551105675609
1.2,0.0,-100.0
1.3499999999999999,0.0,-100.0
1.5,0.0,-100.0
