Threshold,Sample Efficiency,Percent Change
0.0,7.954394803128729e-08,0.0
0.4,7.954394803128729e-08,0.0
0.49,7.954394803128729e-08,0.0
0.5800000000000001,7.954394803128729e-08,0.0
0.67,7.954394803128729e-08,0.0
0.76,7.954394803128729e-08,0.0
0.85,8.518976019082506e-08,7.097726853232235
0.9400000000000001,1.0446846445286383e-07,31.334271227991973
1.03,1.5214061850232776e-07,91.26611422717636
1.12,2.0810138699574431e-07,161.6181270181499
1.21,1.969783520791065e-07,147.6346182887834
1.3,0.0,-100.0
