Threshold,Sample Efficiency,Percent Change
0.0,7.954394803128729e-08,0.0
0.4,7.954394803128729e-08,0.0
0.49,7.954394803128729e-08,0.0
0.5800000000000001,7.954394803128729e-08,0.0
0.67,7.954394803128729e-08,0.0
0.76,8.061254788049458e-08,1.343408110428431
0.85,8.519036496972192e-08,7.098487161102067
0.9400000000000001,9.31227311034578e-08,17.070793452230365
1.03,1.26494746251539e-07,59.02497849589311
1.12,1.5863510356889324e-07,99.43076437002694
1.21,0.0,-100.0
1.3,0.0,-100.0
