Threshold,Sample Efficiency,Percent Change
0.0,7.954394803128729e-08,0.0
0.15,7.954394803128729e-08,0.0
0.3,8.283791657117295e-08,4.141067449392928
0.44999999999999996,8.655011251514627e-08,8.807916450291387
0.6,2.0810138699574431e-07,161.6181270181499
0.75,4.813941173638858e-07,505.19263787929833
0.8999999999999999,0.0,-100.0
1.05,0.0,-100.0
1.2,0.0,-100.0
1.3499999999999999,0.0,-100.0
1.5,0.0,-100.0
