Threshold,Sample Efficiency,Percent Change
0.0,7.954394803128729e-08,0.0
0.15,7.954394803128729e-08,0.0
0.3,8.061254788049458e-08,1.343408110428431
0.44999999999999996,1.1665798212799713e-07,46.65852653191372
0.6,2.269726762726547e-07,185.34248285410573
0.75,3.253566722519562e-07,309.0275631327509
0.8999999999999999,0.0,-100.0
1.05,0.0,-100.0
1.2,0.0,-100.0
1.3499999999999999,0.0,-100.0
1.5,0.0,-100.0
