Threshold,Sample Efficiency,Percent Change
0.0,7.954394803128729e-08,0.0
0.15,7.954394803128729e-08,0.0
0.3,8.283825967861517e-08,4.141498792632362
0.44999999999999996,9.766992124548684e-08,22.78736932578454
0.6,6.862287612198403e-08,-13.729607568645752
0.75,0.0,-100.0
0.8999999999999999,0.0,-100.0
1.05,0.0,-100.0
1.2,0.0,-100.0
1.3499999999999999,0.0,-100.0
1.5,0.0,-100.0
