Threshold,Sample Efficiency,Percent Change
0.0,7.245051880970883e-05,0.0
0.15,7.2441067316685e-05,-0.013045445607714678
0.3,7.256308577117151e-05,0.15537081488448762
0.44999999999999996,7.270238582752257e-05,0.3476400472372986
0.6,7.312842510802049e-05,0.9356817721239239
0.75,7.072353926147881e-05,-2.383667607358245
0.8999999999999999,6.703078450844092e-05,-7.480601092040261
1.05,3.8412291933418694e-05,-46.98134317808197
1.2,0.0,-100.0
1.3499999999999999,0.0,-100.0
1.5,0.0,-100.0
