Threshold,Sample Efficiency,Percent Change
0.0,7.245051880970883e-05,0.0
0.15,7.245051880970883e-05,0.0
0.3,7.239444991362818e-05,-0.07738922647044028
0.44999999999999996,7.285039193189932e-05,0.5519258229754864
0.6,7.221680244270167e-05,-0.3225875685183365
0.75,7.196241112355142e-05,-0.673711788647673
0.8999999999999999,7.165034631000717e-05,-1.1044399858658214
1.05,3.8659793814432987e-05,-46.63972812123972
1.2,0.0,-100.0
1.3499999999999999,0.0,-100.0
1.5,0.0,-100.0
