Threshold,Sample Efficiency,Percent Change
0.0,7.245051880970883e-05,0.0
0.15,7.245051880970883e-05,0.0
0.3,7.268828580334961e-05,0.328178455512889
0.44999999999999996,7.289641367997843e-05,0.6154474496459343
0.6,7.315236120139083e-05,0.9687196216294656
0.75,7.081436519979768e-05,-2.258304891105756
0.8999999999999999,5.540933647319573e-05,-23.52113223822694
1.05,0.0,-100.0
1.2,0.0,-100.0
1.3499999999999999,0.0,-100.0
1.5,0.0,-100.0
