Threshold,Sample Efficiency,Percent Change
0.0,7.245051880970883e-05,0.0
0.15,7.245051880970883e-05,0.0
0.3,7.249576277221519e-05,0.06244808629347247
0.44999999999999996,7.25129208660732e-05,0.08613058593585768
0.6,7.255194059383423e-05,0.1399876574959842
0.75,6.869591619857295e-05,-5.182299137149507
0.8999999999999999,4.4612216884008236e-05,-38.423882096438604
1.05,1.0706638115631692e-05,-85.22213740973662
1.2,0.0,-100.0
1.3499999999999999,0.0,-100.0
1.5,0.0,-100.0
