Threshold,Sample Efficiency,Percent Change
0.0,7.954394803128729e-08,0.0
0.15,7.954394803128729e-08,0.0
0.3,7.954394803128729e-08,0.0
0.44999999999999996,8.171025000612827e-08,2.7234026327042544
0.6,9.610563931873916e-08,20.82080623020824
0.75,1.9087369251520627e-07,139.96004377370014
0.8999999999999999,7.551301655622888e-07,849.3244731393906
1.05,0.0,-100.0
1.2,0.0,-100.0
1.3499999999999999,0.0,-100.0
1.5,0.0,-100.0
