Threshold,Sample Efficiency,Percent Change
0.0,7.954394803128729e-08,0.0
0.15,7.954394803128729e-08,0.0
0.3,7.954394803128729e-08,0.0
0.44999999999999996,8.061254788049458e-08,1.343408110428431
0.6,9.766992124548684e-08,22.78736932578454
0.75,6.878809140561585e-08,-13.521904421239938
0.8999999999999999,0.0,-100.0
1.05,0.0,-100.0
1.2,0.0,-100.0
1.3499999999999999,0.0,-100.0
1.5,0.0,-100.0
