Threshold,Sample Efficiency,Percent Change
0.0,7.097735822272695e-05,0.0
0.15,7.097735822272695e-05,0.0
0.3,7.104510707825174e-05,0.09545136254887475
0.44999999999999996,7.129967092459573e-05,0.4541063656629256
0.6,7.15619166148102e-05,0.8235843186061003
0.75,6.888168557536467e-05,-2.9525931928687092
0.8999999999999999,5.802707930367505e-05,-18.24564796905222
1.05,0.0,-100.0
1.2,0.0,-100.0
1.3499999999999999,0.0,-100.0
1.5,0.0,-100.0
