Threshold,Sample Efficiency,Percent Change
0.0,1.5010645304578246e-07,0.0
0.15,1.5010645304578246e-07,0.0
0.3,1.4713543402883947e-07,-1.9792746791750682
0.44999999999999996,1.4596930607123613e-07,-2.7561419849714897
0.6,1.385366735740566e-07,-7.707716248679251
0.75,1.4852588063470059e-07,-1.0529676632887985
0.8999999999999999,6.26742147312608e-08,-58.24682186571608
1.05,0.0,-100.0
1.2,0.0,-100.0
1.3499999999999999,0.0,-100.0
1.5,0.0,-100.0
