Threshold,Sample Efficiency,Percent Change
0.0,1.5010645304578246e-07,0.0
0.15,1.5010645304578246e-07,0.0
0.3,1.4713541147797215e-07,-1.9792897024248115
0.44999999999999996,1.4780487743516397e-07,-1.5332955805147903
0.6,1.5186348173900042e-07,1.1705217581032756
0.75,1.5680356848026903e-07,4.461577299707398
0.8999999999999999,1.0285632000658281e-07,-31.477749344185995
1.05,0.0,-100.0
1.2,0.0,-100.0
1.3499999999999999,0.0,-100.0
1.5,0.0,-100.0
